Brand Name,categories,Product Code,description,Model No,Serial Number
Yara,Audio System,1,Demo Product,Demo Model,H41RN210001
Yara,Audio System,2,Demo Product,Demo Model,H41RN210002
Yara,Audio System,3,Demo Product,Demo Model,H41RN210003
Yara,Audio System,4,Demo Product,Demo Model,H41RN210004
Yara,Audio System,5,Demo Product,Demo Model,H41RN210005
Yara,Audio System,6,Demo Product,Demo Model,H41RN210006
Yara,Audio System,7,Demo Product,Demo Model,H41RN210007
Yara,Audio System,8,Demo Product,Demo Model,H41RN210008
Yara,Audio System,9,Demo Product,Demo Model,H41RN210009
Yara,Audio System,10,Demo Product,Demo Model,H41RN210010
Yara,Audio System,11,Demo Product,Demo Model,H41RN210011
Yara,Audio System,12,Demo Product,Demo Model,H41RN210012
Yara,Audio System,13,Demo Product,Demo Model,H41RN210013
Yara,Audio System,14,Demo Product,Demo Model,H41RN210014
Yara,Audio System,15,Demo Product,Demo Model,H41RN210015
Yara,Audio System,16,Demo Product,Demo Model,H41RN210016
Yara,Audio System,17,Demo Product,Demo Model,H41RN210017
Yara,Audio System,18,Demo Product,Demo Model,H41RN210018
Yara,Audio System,19,Demo Product,Demo Model,H41RN210019
Yara,Audio System,20,Demo Product,Demo Model,H41RN210020
